{"status":"done","publicPath":"/static/assets/","chunks":{"storefront":[{"name":"storefront.css","publicPath":"/static/assets/storefront.css","path":"/Users/robbygrodin/code_pig/saleor/saleor/static/assets/storefront.css"},{"name":"storefront.js","publicPath":"/static/assets/storefront.js","path":"/Users/robbygrodin/code_pig/saleor/saleor/static/assets/storefront.js"}],"document":[{"name":"document.css","publicPath":"/static/assets/document.css","path":"/Users/robbygrodin/code_pig/saleor/saleor/static/assets/document.css"},{"name":"document.js","publicPath":"/static/assets/document.js","path":"/Users/robbygrodin/code_pig/saleor/saleor/static/assets/document.js"}],"dashboard":[{"name":"dashboard.css","publicPath":"/static/assets/dashboard.css","path":"/Users/robbygrodin/code_pig/saleor/saleor/static/assets/dashboard.css"},{"name":"dashboard.js","publicPath":"/static/assets/dashboard.js","path":"/Users/robbygrodin/code_pig/saleor/saleor/static/assets/dashboard.js"}]}}